id,tag_name,created_at
1,love,2016-08-16 20:18:19
2,instagood,2019-11-27 07:28:00
3,photooftheday,2014-06-27 23:37:53
4,fashion,2018-01-16 14:25:17
5,beautiful,2016-09-27 18:37:51
6,happy,2014-09-01 00:41:26
7,cute,2015-07-28 00:14:18
8,tbt,2015-07-04 22:57:19
9,followme,2014-07-16 21:09:33
10,picoftheday,2017-02-03 18:29:07
11,nature,2015-08-18 11:03:31
12,landscape,2015-02-12 16:01:41
13,sunset,2016-05-22 10:52:36
14,sunrise,2018-07-21 06:25:38
15,sky,2014-01-06 13:00:19
16,mountains,2015-08-10 16:33:30
17,ocean,2019-04-18 11:06:15
18,waterfall,2015-08-04 09:57:13
19,beach,2015-03-13 08:48:44
20,forest,2014-02-03 00:20:53
21,travel,2017-10-11 15:47:37
22,wanderlust,2015-11-29 20:22:49
23,explore,2016-07-03 11:51:05
24,adventure,2017-08-23 19:11:33
25,vacation,2014-04-04 20:01:44
26,travellife,2017-04-05 13:01:59
27,roadtrip,2017-03-25 00:31:34
28,instatravel,2018-02-17 05:41:28
29,travelgram,2015-06-05 18:48:12
30,tourism,2014-07-15 14:22:58
31,fitness,2016-10-06 17:54:58
32,workout,2014-03-28 02:39:31
33,gym,2015-02-23 22:48:49
34,fitfam,2014-06-11 05:21:24
35,fitlife,2015-03-09 19:18:09
36,health,2016-01-15 23:22:08
37,motivation,2016-04-07 06:28:27
38,fitnessmotivation,2015-06-27 15:29:44
39,yoga,2018-10-05 18:49:33
40,crossfit,2014-10-08 09:26:41
41,food,2019-01-26 20:56:00
42,foodie,2014-08-10 12:59:28
43,yummy,2018-03-03 05:36:01
44,delicious,2014-10-22 08:29:35
45,foodporn,2015-09-28 07:02:41
46,instafood,2016-07-09 13:04:10
47,homemade,2017-03-02 22:44:40
48,healthyfood,2014-04-10 11:57:08
49,coffee,2014-11-01 22:03:51
50,breakfast,2017-05-22 02:40:40
51,style,2018-10-03 03:07:57
52,outfitoftheday,2019-12-25 17:11:14
53,streetstyle,2017-05-26 13:56:22
54,fashionblogger,2015-11-30 02:01:19
55,styleinspo,2017-11-12 03:52:00
56,ootd,2017-09-03 03:48:22
57,fashionista,2017-07-31 04:11:17
58,mensfashion,2018-04-28 13:04:52
59,womensfashion,2019-01-11 19:02:55
60,accessories,2017-11-07 16:28:45
61,art,2015-04-06 10:11:14
62,drawing,2015-08-18 22:58:48
63,painting,2019-06-19 00:56:53
64,artist,2019-06-20 03:20:24
65,illustration,2019-02-22 01:53:35
66,artwork,2018-04-28 16:22:54
67,creative,2018-11-20 22:12:39
68,digitalart,2019-11-15 21:54:23
69,photography,2017-10-08 07:45:16
70,design,2015-07-01 02:06:56
71,music,2019-11-29 10:49:39
72,dance,2015-01-14 12:06:24
73,dj,2014-06-02 09:44:03
74,concert,2016-03-16 06:20:21
75,livemusic,2015-06-24 18:18:44
76,singer,2018-03-15 15:57:57
77,songwriter,2015-02-06 23:00:01
78,hiphop,2016-09-08 05:34:42
79,guitar,2019-05-23 22:30:47
80,drums,2019-12-29 03:11:53
81,fun,2018-05-04 00:54:49
82,party,2014-04-23 21:46:50
83,friends,2014-11-15 11:49:09
84,memes,2019-07-13 23:50:18
85,instafun,2014-05-03 11:14:23
86,comedy,2017-08-09 12:01:13
87,weekend,2015-06-14 08:37:36
88,goodvibes,2014-12-31 14:19:53
89,selfie,2018-12-04 15:26:49
90,bestoftheday,2014-08-12 13:41:31
91,family,2019-07-21 18:46:33
92,love,2014-02-25 10:07:04
93,momlife,2017-05-03 13:43:10
94,dadlife,2015-12-20 14:26:32
95,siblings,2016-01-13 18:03:55
96,relationshipgoals,2015-12-02 16:34:07
97,couple,2018-02-11 03:48:38
98,wedding,2018-03-17 23:56:44
99,engagement,2017-02-01 02:01:18
100,friendship,2014-07-20 03:52:03
101,inspiration,2015-01-04 05:07:09
102,quoteoftheday,2015-03-15 06:05:52
103,motivation,2015-03-07 01:39:28
104,goals,2018-12-11 02:37:26
105,positivevibes,2014-11-15 14:42:51
106,believe,2019-08-20 07:14:38
107,success,2017-01-14 16:18:33
108,mindset,2016-07-02 04:03:39
109,dreambig,2015-07-21 15:47:32
110,hustle,2018-03-13 18:22:24
111,tech,2015-04-15 20:17:53
112,technology,2015-01-21 23:22:14
113,smartphone,2016-03-04 02:52:20
114,gaming,2015-11-18 09:51:34
115,gadget,2016-01-11 01:38:06
116,electronics,2016-05-02 23:49:25
117,innovation,2016-04-08 06:53:45
118,computer,2018-10-16 07:31:14
119,programming,2017-03-30 23:15:01
120,developer,2014-06-26 19:01:47
121,sports,2015-10-21 19:50:10
122,soccer,2017-12-24 02:06:57
123,basketball,2019-06-12 19:39:34
124,football,2018-07-14 20:02:15
125,baseball,2018-04-21 09:48:45
126,running,2014-04-16 03:28:39
127,cycling,2015-11-22 18:44:03
128,swimming,2019-03-29 11:00:55
129,tennis,2015-10-04 12:04:02
130,golf,2016-03-11 09:03:55
131,cars,2014-03-03 21:27:39
132,carsofinstagram,2015-04-18 14:18:05
133,supercars,2018-11-05 20:27:33
134,motorcycle,2014-02-13 02:31:38
135,biker,2017-04-25 21:55:51
136,racing,2014-07-15 13:56:30
137,classiccars,2018-11-19 22:21:20
138,carlover,2017-08-07 20:48:20
139,vintagecars,2019-06-04 23:20:58
140,offroad,2019-08-08 00:09:35
141,animals,2017-12-10 11:18:43
142,pets,2017-03-13 00:38:57
143,dogsofinstagram,2015-03-04 04:10:44
144,catsofinstagram,2019-12-10 04:13:49
145,puppylove,2014-10-24 12:38:38
146,kitten,2017-09-24 10:38:25
147,wildlife,2017-04-09 08:33:24
148,petstagram,2018-06-30 01:13:24
149,animallovers,2017-11-10 11:22:41
150,birdsofinstagram,2019-02-13 04:44:53
151,summer,2016-04-07 20:19:07
152,winter,2015-08-09 05:33:33
153,spring,2017-01-04 13:28:19
154,autumn,2019-04-30 20:00:03
155,holiday,2014-05-23 13:49:52
156,christmas,2014-11-01 10:17:07
157,halloween,2018-08-20 10:37:13
158,newyear,2014-07-27 12:51:23
159,easter,2017-04-05 14:08:52
160,thanksgiving,2016-11-11 07:45:46
161,business,2016-01-20 05:58:56
162,entrepreneur,2019-03-12 22:18:07
163,startup,2018-03-31 06:19:32
164,marketing,2014-10-05 03:59:29
165,socialmedia,2017-12-18 20:50:58
166,branding,2014-11-17 21:14:35
167,ecommerce,2015-01-26 01:10:38
168,smallbusiness,2016-02-14 19:09:07
169,sales,2018-03-15 09:13:10
170,digitalmarketing,2017-10-19 08:53:54
171,photography,2015-06-20 11:32:14
172,photo,2019-08-14 12:32:47
173,camera,2016-12-27 08:11:44
174,portrait,2015-04-08 13:52:19
175,photoshoot,2017-10-05 15:40:36
176,photographer,2016-01-26 16:03:12
177,landscapephotography,2019-08-18 20:31:15
178,streetphotography,2014-11-13 11:48:44
179,naturephotography,2019-11-27 17:39:36
180,blackandwhite,2015-08-12 05:34:00
181,quotes,2019-06-16 11:15:48
182,lifequotes,2016-11-04 12:43:28
183,lovequotes,2015-04-21 13:03:44
184,motivationalquotes,2014-02-10 04:34:03
185,quote,2015-09-19 11:56:32
186,inspirationalquotes,2016-07-12 17:59:03
187,wordsofwisdom,2015-11-01 03:22:18
188,positivity,2017-12-21 15:54:29
189,thoughts,2017-11-03 18:10:43
190,wisdom,2019-04-16 02:04:55
191,funny,2014-01-13 13:22:10
192,jokes,2019-05-27 10:39:31
193,lol,2019-07-24 01:17:55
194,hilarious,2018-10-28 01:40:47
195,humor,2018-12-18 15:08:49
196,funnytweets,2016-07-04 06:49:58
197,meme,2014-06-02 05:17:19
198,laugh,2017-07-29 06:39:50
199,silly,2016-07-25 21:19:39
200,comedy,2018-12-16 03:20:55
201,instadaily,2018-04-05 15:10:26
202,daily,2019-01-16 06:53:39
203,bestoftheday,2016-11-14 14:18:57
204,like4like,2015-04-29 04:00:44
205,follow4follow,2016-04-13 07:20:28
206,instamood,2019-12-13 17:07:01
207,nofilter,2014-10-02 00:08:16
208,blackandwhite,2019-10-10 05:22:54
209,vintage,2018-07-17 20:53:14
210,retro,2018-09-30 16:06:05
211,selfcare,2014-01-03 15:17:57
212,selflove,2015-08-27 01:19:09
213,wellness,2016-12-07 12:37:00
214,mindfulness,2014-01-09 10:57:28
215,meditation,2019-08-09 02:26:00
216,growth,2019-06-12 04:19:09
217,personaldevelopment,2019-11-03 01:31:48
218,motivate,2019-11-18 02:48:20
219,lifecoach,2017-05-28 02:29:15
220,mentalhealth,2014-07-29 06:43:48
221,event,2018-11-14 19:52:09
222,celebration,2017-10-10 13:09:33
223,partytime,2015-06-19 17:16:31
224,birthday,2019-05-07 07:13:53
225,anniversary,2018-10-27 21:46:42
226,festival,2014-10-15 19:01:08
227,gathering,2016-04-27 18:59:37
228,gettogether,2016-12-03 04:51:44
229,nightlife,2019-04-04 02:06:08
230,club,2017-08-19 09:15:04
231,strong,2019-03-30 16:48:49
232,fit,2016-04-30 23:38:29
233,noexcuses,2015-02-16 15:18:17
234,trainhard,2015-04-04 17:17:07
235,cardio,2017-02-07 22:33:50
236,fitnessjourney,2017-03-18 04:38:07
237,healthyliving,2016-05-26 00:47:46
238,weightloss,2015-02-18 18:23:22
239,progress,2017-01-04 04:38:41
240,gymtime,2016-11-24 01:09:24
241,paradise,2016-02-15 04:23:13
242,cityscape,2016-03-29 05:51:29
243,destination,2015-03-04 23:48:17
244,getaway,2019-04-09 07:26:35
245,exploring,2015-04-25 08:18:53
246,bucketlist,2016-10-03 14:16:44
247,localtravel,2017-09-26 09:33:11
248,worldtravel,2018-06-03 22:01:30
249,globetrotting,2019-01-02 13:34:08
250,traveladdict,2018-05-29 17:01:42
